bairro,geometry,Quantidade de Apartamentos a Venda
São Sebastião,"POLYGON ((496829.41392159404 8363978.738181023, 496804.6298665331 8363874.53468719, 496778.02336238633 8363706.09896066, 496763.6980291652 8363607.143156668, 496751.43877323926 8363377.65259024, 496769.75666618295 8363204.655113207, 496792.4571241999 8362990.263802746, 496741.2513234435 8362975.519093258, 496706.42759268015 8362994.463087176, 496694.13486975123 8363015.515345768, 496698.22453433945 8363066.0456480505, 496673.7529728266 8363086.787643009, 496624.48341363185 8363078.667850654, 496552.788760681 8363103.922527909, 496468.7994282429 8363160.756323969, 496423.72635578364 8363228.122594267, 496397.08959095774 8363284.964569427, 496400.56453183014 8363304.787681196, 496374.54047932086 8363400.758277077, 496354.044310592 8363484.971365153, 496349.9428736298 8363516.551754504, 496366.31073010375 8363642.878364782, 496374.4889227351 8363743.93903047, 496311.337711742 8363782.643613599, 496357.8033722031 8363821.82118327, 496551.07531275676 8363965.517793354, 496673.69642002514 8363974.139589954, 496829.41392159404 8363978.738181023))",14
Centro,"POLYGON ((496917.93506447837 8364382.987796164, 496917.7205265654 8364380.226909441, 496909.54054159165 8364272.850395911, 496874.7310487773 8364167.575873564, 496837.2565124515 8364010.0157969175, 496829.9080090435 8363979.119330314, 496674.19050747395 8363974.520739245, 496551.56940020673 8363965.898942647, 496358.3124070247 8363822.213445849, 496358.29745965224 8363822.202332561, 496311.831799191 8363783.02476289, 496258.2147144243 8363815.885999942, 496180.3716866631 8363845.349480446, 495934.5659309845 8363845.309325316, 495879.00625360716 8363829.772469904, 495894.7620519405 8363777.666471955, 495924.71794597205 8363787.145905594, 495928.94410846155 8363778.856598482, 495870.568666603 8363759.897967164, 495868.2629780691 8363767.39810946, 495887.4653894795 8363774.1123321, 495870.9412339484 8363827.007788215, 495822.55238465924 8363803.313735951, 495756.49769082625 8363772.1158385575, 495728.4662189461 8363740.135146305, 495699.67057445605 8363686.547560179, 495675.9957060391 8363634.276698323, 495687.91816927545 8363608.442097108, 495681.1251628218 8363586.3796889, 495676.53188617394 8363584.962399749, 495669.92925274424 8363587.697631335, 495563.9772981401 8363628.349716647, 495570.03997439385 8363644.138852892, 495640.3651652444 8363652.9764849795, 495652.03369400237 8363656.605482815, 495664.5659971438 8363660.503120812, 495717.07819601014 8363778.562274871, 495723.3560715295 8363821.730854609, 495726.4125305885 8363842.3908811975, 495739.8547402495 8363877.65974197, 495744.8352979101 8363890.727429444, 495806.46750978153 8363943.9466958875, 495835.9993626732 8363969.403738403, 495863.010482824 8364017.376484979, 495882.86037976906 8364032.450870185, 496062.1793176332 8364120.820473846, 496070.10235484556 8364137.0707116965, 495995.7871940467 8364183.407427773, 495924.60009677015 8364231.642690566, 495886.3941870225 8364257.57190909, 495914.029442295 8364335.132022545, 495920.3828288257 8364354.799071171, 495947.9493138898 8364359.968655328, 495977.34553808026 8364365.481373197, 496003.98936665856 8364363.114411833, 496091.8164374675 8364293.106244488, 496160.4585246747 8364216.72842064, 496206.81282846216 8364125.391822052, 496296.6507155388 8364147.076034397, 496327.50573653873 8364150.674994081, 496358.81048281636 8364163.076484973, 496393.2958627898 8364194.061433401, 496534.2104828149 8364379.476484973, 496556.5194278635 8364419.131183038, 496599.886703 8364382.883911692, 496722.4747588612 8364382.951556562, 496917.93506447837 8364382.987796164))",44
Teresópolis,"POLYGON ((495744.3886433905 8364597.000765731, 496003.52754359413 8364597.000772389, 496498.78533181455 8364730.919766626, 496558.24075460713 8364489.341182069, 496561.0399589073 8364465.773254227, 496556.0253404146 8364418.750033747, 496533.716395366 8364379.095335683, 496392.8017753381 8364193.680284108, 496358.3163953675 8364162.695335681, 496327.0116490871 8364150.293844789, 496296.15662808716 8364146.694885107, 496206.2870286498 8364125.01067276, 496159.9327248605 8364216.34727135, 496091.290637658 8364292.725095198, 496003.4952792097 8364362.733262543, 495976.8514506314 8364365.100223905, 495947.4552264409 8364359.587506036, 495903.32705219835 8364351.312083549, 495893.7454788387 8364367.012525715, 495883.0350065315 8364384.394502847, 495861.0804878166 8364404.787009776, 495744.3746205056 8364500.255026747, 495744.3886433905 8364597.000765731))",4
Boa Vista,"POLYGON ((495974.7477054056 8365429.396787297, 496212.03702483093 8365382.825986287, 496268.36595247773 8365356.78152189, 496313.35584517586 8365320.473889187, 496340.9812178846 8365285.744849211, 496364.6601087749 8365219.443954712, 496438.6762709939 8364941.263754588, 496498.78533181414 8364730.919766626, 496003.5275435945 8364597.000772389, 495744.3886433903 8364597.000765731, 495745.13902619825 8364859.25580332, 495744.90249754296 8364971.712236186, 495755.52064055327 8365001.992806677, 495779.199531448 8365032.183392568, 495857.90667016874 8365074.959011436, 495868.587344568 8365090.196675258, 495974.7477054056 8365429.396787297))",22
Cidade Nova,"POLYGON ((496676.01931548095 8365915.972262385, 496898.31736100634 8365625.144825711, 496946.8067845334 8365650.679773716, 496947.3832354904 8365657.850775447, 497020.9847697343 8365685.970311478, 497038.3038108553 8365684.82515808, 497051.00357979926 8365690.563454152, 497072.07378219574 8365699.171241176, 497096.8957963938 8365713.229410654, 497104.11110886285 8365720.401315437, 497106.7081974781 8365726.71206565, 497108.1476912295 8365757.9778614575, 497107.8477491167 8365852.537518479, 497106.6858191573 8365913.63487644, 497108.1259937218 8365939.307488311, 497108.41268282913 8365955.514138752, 497109.277963304 8365961.466216818, 497093.2576452473 8365962.7551397495, 497092.82530655415 8365957.735272874, 497091.6707721397 8365957.018096567, 497091.3826098987 8365953.145639574, 497081.7128460304 8365952.857570502, 497081.7125516303 8365955.2958073625, 497080.1248500727 8365956.443008188, 497078.379499535 8366067.907214778, 497076.6370300353 8366154.534248738, 497072.01861726405 8366154.533689759, 497072.5950134551 8366162.565395774, 497066.8217218253 8366163.712088313, 497052.38868942193 8366167.152509849, 497047.7693633784 8366174.6099966755, 497047.1900318435 8366190.673308656, 497044.86250175134 8366340.980752883, 497055.25305923016 8366349.013766412, 497072.5717400972 8366354.752830885, 497070.2599579373 8366375.405610725, 497067.8514326265 8366387.102326356, 497077.1858908823 8366390.3225476425, 497091.04137194407 8366390.324218752, 497158.0107082563 8366380.005654266, 497188.02987244166 8366389.188302019, 497191.4343569772 8366900.931703137, 497191.4302261793 8366936.501619849, 497191.42929342407 8366944.533582774, 497192.58236290544 8366958.302748615, 497196.0389441935 8367021.411349107, 497198.3264901743 8367209.589797956, 497187.93193911144 8367231.389803323, 497181.001818151 8367249.7479230305, 497191.3925197191 8367261.223488195, 497208.7125484484 8367261.225492985, 497220.26008550875 8367253.194751093, 497222.5707680898 8367241.720659992, 497223.7285031493 8367214.182403183, 497224.8960850923 8367101.73441051, 497221.44495311705 8366990.433822397, 497226.0683948652 8366947.97986625, 497229.53597157897 8366915.85252208, 497244.5507342655 8366877.989425749, 497253.7909405395 8366851.5999134835, 497256.10339184385 8366824.06222034, 497261.8799723678 8366794.23013524, 497260.72934096947 8366758.660194562, 497269.9683183488 8366742.597532219, 497260.73298033484 8366726.532780457, 497263.04774972016 8366678.341808675, 497252.6657391063 8366592.285349665, 497242.27880664665 8366550.977612249, 497237.66650286055 8366495.901935088, 497237.67069783324 8366459.185167141, 497218.04945546185 8366394.928735912, 497220.36427933525 8366346.738529855, 497220.3896103451 8366126.4403136745, 497222.7137894714 8365995.639497642, 497223.88356787385 8365863.691806439, 497226.1993846492 8365806.323655062, 497214.6571926921 8365773.048823483, 497190.4150426331 8365736.330333993, 497165.4518980691 8365700.8988184985, 497135.000059339 8365690.429332638, 497089.39512976364 8365667.3195232805, 496945.74863589037 8365611.24544757, 496937.62010355154 8365093.579324267, 496947.8977145263 8364815.667741719, 496925.406658308 8364485.116936604, 496917.4409770296 8364382.606646874, 496721.9806714126 8364382.570407271, 496599.39261555084 8364382.5027624015, 496556.025340415 8364418.750033747, 496561.039958907 8364465.773254229, 496558.2407546093 8364489.341182068, 496498.78533181373 8364730.919766628, 496438.67627099477 8364941.263754588, 496364.66010877525 8365219.443954714, 496340.98121788696 8365285.7448492125, 496313.35584517557 8365320.473889187, 496268.3659524777 8365356.781521892, 496212.0370248301 8365382.825986287, 495974.7477054066 8365429.396787298, 495979.6645345897 8365446.863894869, 495996.0368643963 8365447.746018965, 495992.57183813764 8365455.2032787725, 496027.2092981159 8365454.635302298, 496068.1939972423 8365472.425936342, 496073.96575906896 8365479.311012378, 496116.6827474962 8365494.807169461, 496125.91841745534 8365501.119092833, 496137.46052372287 8365524.067917401, 496137.45731405925 8365544.146631783, 496129.37245761254 8365561.355680657, 496114.938082066 8365574.547941595, 496109.7406698621 8365585.447007267, 496109.7391921131 8365594.625819312, 496116.6650456413 8365604.953138547, 496131.09605560784 8365613.560679635, 496148.4154379871 8365609.547681572, 496173.8211132161 8365579.14679864, 496184.21487585484 8365563.659078861, 496195.18424597674 8365558.497761195, 496214.8126913097 8365555.0587754855, 496239.0585543119 8365557.930933413, 496257.5308808634 8365564.24424192, 496269.652445998 8365574.572321575, 496267.34244350734 8365579.735012163, 496266.18066056777 8365626.202810573, 496288.695716361 8365622.764210787, 496293.3131478049 8365628.501773705, 496299.08562608133 8365631.371030258, 496303.126076027 8365635.38741346, 496308.3217463793 8365635.388207776, 496316.9827865195 8365624.489628172, 496341.80597979063 8365627.361770642, 496359.12120893225 8365651.458863234, 496367.2017918302 8365661.786394468, 496386.24942177295 8365681.867962699, 496387.4030001904 8365688.752381942, 496676.01931548095 8365915.972262385))",124
Malhado,"POLYGON ((494914.27901571064 8364731.237580186, 494839.45203825826 8364705.591989275, 494796.98949084233 8365027.798355548, 494790.75608990557 8365053.900721948, 494783.15913252195 8365072.990512308, 494762.201088668 8365106.977271149, 494570.83391327696 8365290.769957363, 494560.7244292442 8365307.811659017, 494504.9138996642 8365506.603977891, 494484.7758624051 8365568.898448565, 494427.32831793325 8365746.605159924, 494369.0275581052 8365812.232904073, 494342.73039792303 8365847.4905781, 494240.8532514424 8366031.181111811, 494161.3773895581 8366160.718974926, 494182.2180820735 8366173.133105842, 494194.03464102256 8366181.467701776, 494207.5893837203 8366167.256377327, 494256.0894056154 8366140.878137918, 494299.96766814013 8366128.267314573, 494340.37635731 8366139.750626771, 494383.09221228247 8366160.413438811, 494401.55891348666 8366191.397105329, 494416.56494133367 8366208.611356036, 494437.3466923453 8366214.353110629, 494473.13611304614 8366230.424706676, 494482.21189361264 8366252.987142304, 494482.36773231823 8366253.374558106, 494483.5173926751 8366275.175169996, 494483.5124179409 8366296.975628608, 494468.50182432134 8366299.266983861, 494467.3453488758 8366307.298356853, 494489.2818346989 8366313.040330256, 494506.5983211306 8366325.6655898, 494507.7244992343 8366325.882405798, 494514.6427823244 8366327.214680676, 494542.3900247676 8366332.558051793, 494577.0286536897 8366332.565846714, 494617.4480333069 8366298.15310267, 494647.47477642295 8366268.327672708, 494746.78641131136 8366201.8010175135, 494933.8657318627 8366050.386662234, 495010.08071806125 8365997.623112689, 495028.5530521694 8366004.511165367, 495049.3321860234 8366022.873493553, 495049.33923637785 8365988.45215401, 495079.35841322556 8365990.753069692, 495102.4514702412 8365986.168299516, 495083.9848378359 8365951.7433193475, 495326.4873445955 8365765.917653387, 495432.72301899694 8365697.096156002, 495460.4392256285 8365664.975258963, 495513.9602731901 8365662.790452868, 495627.69587919436 8365615.195816004, 495679.07969018864 8365588.81590343, 495752.4020155917 8365553.834520891, 495777.94252370525 8365537.383110262, 495763.1113721716 8365536.674724502, 495727.48498736555 8365528.484750984, 495698.8200800522 8365512.5143026225, 495655.41322040424 8365472.792931059, 495613.6443554609 8365442.080530367, 495573.52370047144 8365432.602793392, 495519.8691586738 8365433.071559495, 495490.79475268314 8365442.899527716, 495420.7704791025 8365485.077891339, 495351.8230353768 8365355.570143427, 495190.6928897109 8365436.135216255, 494884.2058807097 8365012.197920354, 494914.27901571064 8364731.237580186))",6
Esperança,"POLYGON ((494250.0195622395 8365994.248700008, 494264.05626394704 8365989.344704943, 494342.73039792303 8365847.4905781, 494369.0275581052 8365812.232904073, 494427.32831793325 8365746.605159924, 494484.7758624051 8365568.898448565, 494504.9138996642 8365506.603977891, 494560.7244292442 8365307.811659017, 494570.83391327696 8365290.769957363, 494590.409850744 8365271.968853544, 494563.50624520454 8365246.561339474, 494542.9281785815 8365232.597651405, 494514.26587150106 8365212.7545157345, 494487.07342631987 8365192.91138006, 494467.2302906442 8365181.152484846, 494445.9172930692 8365176.007968191, 494425.33922644804 8365177.477830095, 494406.23102172546 8365185.562070553, 494390.0625408061 8365197.320965767, 494370.2194051332 8365215.69423954, 494354.7858551676 8365228.188065703, 494332.7379266402 8365237.007237114, 494307.75027431076 8365239.212029966, 494285.7023457851 8365236.272306161, 494249.69072919525 8365234.802444259, 494222.49828401086 8365234.067513307, 494204.85994119133 8365240.681891868, 494174.72777220706 8365254.645579933, 494156.3544984367 8365268.6092679985, 494128.75375828415 8365242.396730761, 494046.441491786 8365149.632112957, 493975.8881205057 8365076.465653851, 493918.4001883504 8365020.2842656085, 493941.91797878017 8364974.5552286655, 493964.1292252907 8364932.745823461, 493979.8077522437 8364902.69531347, 493990.2601035465 8364879.177523046, 493991.56664745795 8364849.127013056, 493961.5161374663 8364837.368117844, 493931.46562747675 8364829.528854363, 493900.1085735752 8364834.755030015, 493879.2038709742 8364833.448486102, 493838.70100967854 8364828.222310452, 493782.5196214383 8364826.915766539, 493761.4975340319 8364819.311272672, 493753.22956083284 8364809.803103497, 493747.0285809374 8364793.680555762, 493743.3079929994 8364758.955068333, 493741.2409996988 8364727.123371525, 493741.2409996972 8364694.464877395, 493741.654398359 8364679.9959243005, 493742.9573653337 8364662.546094896, 493759.63553416467 8364662.307324058, 493772.96934684215 8364662.116432263, 493783.5110126697 8364658.395844324, 493814.82596115355 8364602.276976252, 493839.00978275394 8364538.716932298, 493849.241399585 8364500.270856933, 493853.5820855143 8364465.8554185, 493855.4423794833 8364451.283115739, 493859.7830654102 8364433.6103230305, 493865.9840453097 8364419.658118259, 493885.4367489149 8364399.114501525, 493974.36339396634 8364246.983794699, 493944.5033388552 8364233.022208106, 493912.3020458226 8364219.382328874, 493859.5144100199 8364200.170327069, 493815.09226799244 8364181.159733653, 493715.6747417458 8364139.871807936, 493549.4931318062 8364062.203798211, 493560.9852253349 8364175.372238583, 493507.2056054356 8364208.254792708, 493526.39670774154 8364255.631506414, 493467.50189035846 8364266.1426069625, 493459.82861326414 8364235.875369329, 493418.8592159269 8364239.811875477, 493393.28284592304 8364134.534799448, 493334.3860844652 8364152.940853969, 493343.33261525177 8364208.2101650685, 493251.14742859494 8364231.870408075, 493265.19977415487 8364341.092056198, 493184.53679686267 8364363.439302679, 493162.757389161 8364416.068184203, 493156.62002875976 8364476.198589567, 493170.40850164613 8364523.972217012, 493208.7885973807 8364623.989622731, 493220.30290862 8364652.94216789, 493277.8837352542 8364767.439543052, 493271.47648886015 8364788.49178979, 493275.5060001072 8364812.093684332, 493286.6410054404 8364824.531862548, 493289.714191663 8364822.953639442, 493295.3486230194 8364818.744442441, 493296.4407956168 8364817.119547061, 493316.19440076046 8364856.941279409, 493359.7838349224 8364906.945021939, 493338.1800496882 8364935.797017798, 493359.3988136373 8364999.265230085, 493378.935173418 8365100.384047321, 493412.62254817924 8365134.0254795635, 493435.6684124282 8365132.979035203, 493439.24946701294 8365141.2608425245, 493459.578088683 8365160.936295237, 493464.0227267839 8365221.419440653, 493444.1954267758 8365230.673515968, 493473.0647536674 8365344.460780941, 493516.6339442067 8365423.07251323, 493527.885661489 8365440.428889669, 493533.527285264 8365449.131302046, 493553.1115181082 8365466.506153499, 493579.99178727804 8365491.383347044, 493598.8023581727 8365507.865611621, 493609.0531797306 8365512.458894438, 493609.3361814529 8365513.368677336, 493652.807142023 8365532.064709185, 493689.92900004983 8365561.023718869, 493765.4650410324 8365574.202072738, 493770.57796461455 8365607.100201178, 493711.6820176372 8365609.716739629, 493682.2271584522 8365637.342389695, 493633.5754823731 8365633.381985998, 493624.61032322765 8365648.22594557, 493609.4662619475 8365679.894713055, 493504.75250810484 8365713.089770534, 493501.04893173877 8365723.818682926, 493484.2477943867 8365784.6678103, 493463.7589037801 8365797.294774102, 493445.5755922311 8365918.93067117, 493416.5976736477 8365961.503091559, 493410.4312255447 8366037.295826158, 493396.08616346034 8366056.240486518, 493400.4992182936 8366090.95458852, 493391.255676136 8366115.198952031, 493397.0192501473 8366149.838875997, 493423.56934983167 8366171.783726864, 493474.36053427035 8366215.672937373, 493491.28661302343 8366237.142498348, 493516.314121594 8366214.382685801, 493526.88024078554 8366212.17360519, 493541.90836606774 8366207.364605099, 493552.4280537671 8366201.353354985, 493567.45617905277 8366191.134229792, 493589.99836697575 8366172.499354444, 493612.54055490415 8366154.465604099, 493662.4339308431 8366118.398103416, 493718.03799439437 8366076.619915133, 493745.99030742224 8366053.176039686, 493766.4285578078 8366036.645101874, 493774.2431829564 8366045.060852036, 493786.2656831828 8366052.274352169, 493788.97074573743 8366060.389539824, 493803.20559804415 8366055.87346462, 493812.927233964 8366059.950279687, 493820.2198430557 8366068.787842763, 493834.25211275433 8366081.588759634, 493842.87614461884 8366088.801586285, 493850.8729741634 8366093.348803083, 493862.47621703474 8366097.4256181475, 493871.72745121724 8366097.4256181475, 493881.13548597874 8366096.014412932, 493887.8004421835 8366094.130838353, 493899.4811537607 8366090.526392656, 493912.4956018421 8366086.292777015, 493933.66368005396 8366081.745560216, 493961.1037814391 8366079.393551525, 494003.70928863046 8366081.061826624, 494035.3474671864 8366087.679676081, 494054.50832692144 8366088.130519838, 494081.3805927533 8366085.454272788, 494102.98448716797 8366083.176878522, 494109.652024583 8366081.033741822, 494118.8516386946 8366092.078921569, 494138.3647690249 8366076.733004462, 494160.722186151 8366061.519379742, 494203.5849266736 8366032.415054193, 494231.10174775077 8366013.6956811715, 494250.0195622395 8365994.248700008))",12
Teotônio Vilela,"MULTIPOLYGON (((493166.98671511293 8363623.308209462, 493169.5508273987 8363610.150167594, 493182.3557927824 8363600.942661986, 493206.6922175336 8363557.525579265, 493272.00273067434 8363489.118235718, 493298.8905885624 8363477.282902767, 493325.77889154933 8363464.1315856725, 493336.02386130905 8363452.291491829, 493357.7879043317 8363450.981648664, 493396.3945717248 8363446.635703639, 493487.36006450193 8363493.416508902, 493507.3276748796 8363507.63337683, 493570.306911034 8363536.073213138, 493597.84664722066 8363560.378349053, 493614.610033357 8363589.003078531, 493637.32333941205 8363629.472288075, 493647.5616656443 8363642.962795431, 493651.08006503084 8363651.187936399, 493651.0779880128 8363659.083217713, 493654.27645530476 8363666.979340719, 493658.11507683364 8363674.875520876, 493660.0322280406 8363687.04799091, 493666.93965815706 8363704.0956006115, 493667.0473354077 8363705.05743218, 493699.2841102066 8363801.388100978, 493806.8186108688 8363821.9436187, 493849.854356078 8363744.581003705, 493889.79204090504 8363766.69791203, 493915.24746089714 8363809.828320934, 493953.0163632821 8363801.942532375, 493969.67669717903 8363732.863104672, 493971.22946903954 8363708.29337889, 493998.8942636659 8363660.92869684, 494100.8255959407 8363557.920646499, 494005.6076415784 8363434.731153503, 493973.3481636547 8363426.827835371, 493959.5261652354 8363409.454734765, 493970.28388053086 8363393.666969911, 494002.54527545435 8363393.675010007, 494034.80901240633 8363384.208645815, 494044.03010409436 8363369.99943622, 494044.03828918934 8363336.839337212, 494034.82853098767 8363305.256039022, 494042.5160458779 8363279.993119316, 494074.7885340558 8363234.208442367, 494128.5525940375 8363253.17031117, 494127.0078646682 8363287.909006215, 494216.10667389125 8363303.721095717, 494231.48319429724 8363245.299855994, 494139.3125381968 8363227.907996912, 494131.629365808 8363235.801413261, 494073.25779970095 8363212.101403959, 494115.7442610695 8363188.422079877, 494160.76814276347 8363200.850527346, 494207.87664303184 8363213.494292652, 494226.3128317572 8363208.235225819, 494245.7764565022 8363189.291260613, 494256.0256639849 8363157.712566585, 494257.05449576007 8363137.711476408, 494267.29841381154 8363128.239660006, 494298.02393329673 8363125.088783383, 494324.6525975263 8363122.989623571, 494356.40449551266 8363110.364661358, 494393.7250219278 8363074.405599602, 494407.5482373037 8363087.041218852, 494425.5998514347 8363083.492496531, 494434.55355746025 8363116.720478154, 494412.14821698325 8363124.610583367, 494401.9048315463 8363132.503492856, 494376.9299744914 8363179.211301258, 494378.2068795258 8363193.686212141, 494420.4211771065 8363238.497852853, 494411.19450541824 8363277.972023603, 494395.8261018526 8363303.23327662, 494354.3340840645 8363360.069552805, 494322.06307504687 8363401.117251641, 494320.517872344 8363439.014221732, 494337.4077951659 8363476.915413015, 494380.41070381406 8363530.613249779, 494397.30555099633 8363547.986819875, 494423.42719740653 8363525.886103869, 494437.25505573914 8363519.573092105, 494452.62500475044 8363487.9956136225, 494469.52747350984 8363472.208929438, 494497.18093669566 8363469.057094315, 494529.4503054827 8363434.325367435, 494538.6793441194 8363383.7977177, 494515.64836084977 8363326.946547524, 494486.4703309747 8363279.5683105, 494452.4480339132 8363239.759143963, 494447.3284441171 8363234.494480863, 494444.1312906738 8363220.019132146, 494437.7340058439 8363203.56911376, 494460.14303682256 8363179.888529015, 494478.06554889213 8363181.208481413, 494533.36875771236 8363188.326875, 494560.25298667804 8363188.332951446, 494575.61794981593 8363177.282969484, 494627.8635827905 8363117.2906572595, 494649.76043405815 8363092.8201868925, 494672.043459016 8363058.480786879, 494695.21460271557 8363027.962341487, 494679.8620937234 8362983.2191619575, 494649.14684709784 8362941.104256038, 494629.9556639716 8362888.464904042, 494618.43787278375 8362871.3559222305, 494623.56358158734 8362848.987163146, 494605.6454286878 8362829.244948383, 494562.12502463395 8362802.917630405, 494525.0032851061 8362787.118660794, 494463.55611989426 8362780.525303495, 494421.3086047686 8362787.094900794, 494396.9884835388 8362772.614645796, 494411.0789782932 8362735.773392043, 494427.47647508205 8362718.271049174, 494461.2732041176 8362718.278833831, 494483.8060778943 8362710.9150708625, 494512.4882271268 8362683.551345228, 494526.8350644325 8362644.604641037, 494526.84748687333 8362589.86410395, 494507.3987106428 8362546.698946941, 494487.9444703594 8362527.745773597, 494475.659449127 8362507.741618294, 494487.95048551844 8362501.428222455, 494502.2881358148 8362502.484215049, 494524.8194929736 8362500.3839013465, 494543.2594624374 8362476.17596757, 494544.2901725028 8362446.700487876, 494520.7473961303 8362393.007321642, 494496.17913981894 8362345.630104788, 494483.89589080744 8362318.257021831, 494471.6144929989 8362282.4623936685, 494375.6018888985 8362286.9141942365, 494317.2261992918 8362289.005836679, 494273.1884973235 8362290.574497959, 494248.6081514493 8362296.3584971, 494232.22146962525 8362298.986383044, 494223.50651810435 8362340.566073234, 494224.52851859387 8362349.514216643, 494212.75008616014 8362353.195912641, 494188.17169153225 8362350.558201434, 494163.08275912114 8362341.604132247, 494141.065272248 8362336.335303305, 494133.89394296065 8362346.334289165, 494128.7694866207 8362362.12350999, 494092.4050066128 8362394.7485053465, 494079.0895155343 8362402.1141687315, 494060.143521924 8362400.530429507, 493994.5924266265 8362427.884470527, 493945.42855696526 8362449.978853522, 493916.2325032208 8362483.131741027, 493896.77065149735 8362496.285601201, 493889.0896321356 8362496.283656088, 493874.24006961484 8362494.700808826, 493855.8031409195 8362504.696736539, 493849.65458619775 8362519.433026696, 493854.76598052157 8362555.752612566, 493838.37907863996 8362558.380120531, 493829.67439809535 8362556.798925816, 493826.0948487723 8362537.322913188, 493827.6370041898 8362514.16391265, 493833.7862439768 8362496.795828387, 493848.1347402428 8362455.217829751, 493854.28784047713 8362422.585522201, 493864.53512297233 8362398.902374333, 493876.31590376736 8362386.27295008, 493897.3141877485 8362371.540414454, 493914.72762475035 8362358.912396122, 493918.3145448898 8362348.912571431, 493918.3179964002 8362335.2274330985, 493918.06612980133 8362318.91054071, 493921.1417013174 8362306.015661467, 493923.9612216417 8362293.383952517, 493923.77237928857 8362281.0146099515, 493854.6499662721 8362257.311332677, 493758.646223723 8362227.021467444, 493746.85796333 8362268.967507863, 493713.57564606017 8362262.379518848, 493684.1224442358 8362299.2163627045, 493644.4258517956 8362343.945872834, 493607.29704346415 8362359.726527684, 493589.37098931236 8362374.196503789, 493589.3674911368 8362387.355282361, 493635.42689943855 8362487.374224025, 493556.0488356661 8362516.302390239, 493533.0131673736 8362488.662822656, 493470.296047196 8362447.8537414465, 493419.09918982064 8362412.311020674, 493360.203023056 8362443.876035405, 493355.066436465 8362501.77322642, 493339.70112220047 8362513.611921853, 493326.90454634954 8362495.186116152, 493300.01633241255 8362512.285084613, 493316.64247263456 8362570.188301073, 493324.3093112096 8362621.509691428, 493225.71334196697 8362701.750708434, 493200.11795659416 8362672.794262411, 493179.63028457784 8362689.894899165, 493189.8595021732 8362733.32176479, 493202.6468301007 8362784.644633359, 493177.0278265291 8362838.588348559, 493151.4233867891 8362841.212891886, 493138.6275280092 8362820.155191911, 493129.66550358257 8362822.784440394, 493114.29584994947 8362849.097609624, 493127.08795377135 8362883.314096438, 493109.161866484 8362895.151802642, 493081.0030870198 8362876.721478736, 493057.9596623945 8362876.714858082, 493023.3843573225 8362912.233565741, 493008.0170931598 8362929.335535316, 492990.09484436375 8362928.014489549, 492947.8570461865 8362899.05282818, 492931.2088088917 8362918.786174028, 492864.6416655785 8362909.555443659, 492830.0867570604 8362875.332357882, 492813.4623537586 8362814.797016539, 492822.4365487277 8362771.3757132515, 492837.81322268693 8362722.6927077565, 492850.6356809632 8362652.954977049, 492821.1928237559 8362648.998586811, 492767.4293916609 8362635.823745549, 492752.07556554413 8362608.185733633, 492757.205718187 8362576.606116019, 492763.61412781983 8362551.606435948, 492730.3356494645 8362531.858202519, 492707.3034042516 8362496.322553171, 492693.2214967413 8362496.318290694, 492636.87771716545 8362550.252119736, 492620.22302138194 8362591.039324152, 492592.03737735876 8362662.088069536, 492584.3336471407 8362735.774884612, 492622.7382210532 8362738.418461465, 492634.2237034757 8362856.850969082, 492623.9766275457 8362875.270213877, 492582.9895711037 8362943.683327877, 492566.3341102669 8362985.786217779, 492548.3976161284 8363030.520609321, 492534.42450807476 8363091.710073484, 492522.2149015678 8363141.649644106, 492494.03897693066 8363178.485417899, 492470.9904416206 8363194.268809244, 492484.4874460848 8363198.578571918, 492501.38326157734 8363208.058194733, 492512.13694395224 8363208.061534552, 492512.1398843452 8363198.587169789, 492507.5360842037 8363182.795167786, 492521.8353156142 8363173.7992828665, 492553.57720135123 8363193.435054388, 492599.75293663965 8363203.839530915, 492617.07207877585 8363196.917990753, 492645.9261405443 8363222.32523829, 492666.69892823865 8363247.72999568, 492682.8577466006 8363260.4341186695, 492693.2395721042 8363288.144647219, 492695.5366766649 8363327.397577259, 492694.3723938608 8363359.722613003, 492711.6816152303 8363386.280864008, 492760.1666768846 8363396.685837934, 492784.41072294576 8363396.693099821, 492839.8350575616 8363365.538586887, 492896.4038881272 8363367.864255053, 492912.55510830384 8363407.121345537, 492912.54391837266 8363445.219318644, 492910.22847134806 8363467.153866647, 492902.14139822515 8363486.777658476, 492866.3424408362 8363520.24729115, 492821.3119052774 8363538.705742868, 492782.0565957372 8363547.929936105, 492761.2664584559 8363579.094838297, 492734.7068500651 8363599.867720264, 492695.4517568262 8363607.937298903, 492645.809678176 8363604.458800441, 492562.69451513764 8363577.879984737, 492509.5925772608 8363562.8551775, 492455.33558452193 8363550.138950567, 492405.69547364133 8363540.887476884, 492344.50982882344 8363533.941189185, 492292.5582013646 8363532.770178364, 492235.988292774 8363532.7520444095, 492175.95123162796 8363544.2775060255, 492134.3858956803 8363555.808956735, 492087.0510121705 8363558.102430475, 492072.04350574483 8363555.788556588, 492044.3311019256 8363569.633237069, 492029.03256058105 8363577.276237467, 492131.45925957354 8363694.390372034, 492199.398608039 8363651.043157936, 492259.000122072 8363624.200073245, 492334.26482841495 8363623.139219508, 492469.25503362325 8363639.677753963, 492563.7244706783 8363662.154789019, 493065.1933954964 8363867.369881166, 493082.06867275015 8363848.459047421, 493088.21923802234 8363829.512200232, 493096.519263797 8363815.406283432, 493104.216494189 8363760.141621819, 493124.7189947614 8363694.353637424, 493155.4583020932 8363645.674947035, 493166.98671511293 8363623.308209462)), ((494072.32998433843 8364244.072002585, 494070.5150942584 8364224.190271275, 494053.604754835 8364232.912238969, 494009.06819892506 8364201.805110575, 494001.3949182732 8364168.906360506, 493941.22877908923 8364145.205500716, 493883.62241308804 8364125.452888697, 493845.21740677796 8364114.916052732, 493822.1735836822 8364112.278480815, 493776.0875410535 8364100.423724764, 493663.438128442 8364051.7070111465, 493640.41033172054 8363988.538829245, 493540.6074572829 8363777.971992683, 493506.05955038086 8363709.5370964585, 493488.13445834775 8363716.111704999, 493523.95910340716 8363797.7057344075, 493593.0516277365 8363949.050016472, 493622.4781168482 8364021.431060244, 493360.05451188766 8363922.6695207395, 493241.003299648 8363881.844230574, 493165.47395297204 8363864.716556881, 493164.18703823996 8363888.402035926, 493509.80956840503 8364046.402713189, 493549.4931318062 8364062.203798211, 493715.6747417458 8364139.871807936, 493815.09226799244 8364181.159733653, 493859.5144100199 8364200.170327069, 493912.3020458226 8364219.382328874, 493944.5033388552 8364233.022208106, 493974.36339396634 8364246.983794699, 494022.1367629175 8364269.061223985, 494024.3343604195 8364270.858873369, 494049.38266211766 8364291.348478317, 494055.5757697219 8364297.006799697, 494076.28781955 8364314.612752054, 494072.32998433843 8364244.072002585)))",3
Jardim Savóia,"POLYGON ((493427.12640591327 8366748.680869471, 493411.7516226338 8366785.521098511, 493398.9498398005 8366777.62234451, 493382.93054688885 8366830.252904022, 493369.9767305939 8366843.372918507, 493359.2338281056 8366864.459138956, 493359.2300340636 8366878.275847085, 493351.5421939206 8366898.011890533, 493329.00619292684 8366932.904039607, 493317.2127514337 8366951.163720076, 493302.5962110796 8366962.585247389, 493279.81254479714 8366996.024643623, 493268.9201355725 8367028.260525901, 493248.4347090856 8367024.307185249, 493234.7174247539 8367040.257788445, 493215.83798111026 8367037.251960134, 493210.4442441027 8367028.6547382455, 493186.1993563419 8367018.321169021, 493168.9622554859 8367017.168803924, 493159.6426579151 8367017.166169902, 493149.8289211682 8367014.294911811, 493147.5577820422 8367003.283439667, 493125.51199917035 8367037.168167631, 493103.2242535932 8367067.163683929, 493170.0436340192 8367131.134106289, 493161.19356986607 8367147.040030102, 493154.6708247026 8367158.763173958, 493164.8940908476 8367173.174827578, 493168.34204308636 8367188.213450788, 493163.26982405374 8367194.228360288, 493145.1392233272 8367194.223229011, 493138.9596550765 8367194.221476979, 493138.3163444237 8367205.40621024, 493150.8002354817 8367205.738680676, 493146.635085914 8367219.225274617, 493128.3851842564 8367233.365735288, 493125.1785433777 8367252.773932267, 493111.38634644373 8367253.649742066, 493123.5285333086 8367265.434592231, 493121.21583751915 8367283.180010386, 493131.371749934 8367304.480664941, 493140.7788608863 8367326.072530096, 493136.15413706325 8367379.758851731, 493133.8381823517 8367419.23438112, 493121.5368841237 8367451.601405284, 493109.23690243723 8367479.231201153, 493105.5615135382 8367490.32968211, 493091.3697119319 8367489.590679097, 493080.4847353594 8367494.193172909, 493091.40127290925 8367503.817063368, 493089.9257744462 8367519.939078131, 493077.2217086904 8367529.115022909, 493066.82702674443 8367538.291622896, 493065.1212785022 8367543.794933431, 493062.2039623069 8367553.207164688, 493063.35372506926 8367570.419144712, 493070.85805979517 8367574.437387334, 493071.43305504095 8367582.46973649, 493067.9680798667 8367585.911140353, 493062.76853365 8367597.957816092, 493064.4975689443 8367608.285390137, 493063.913858332 8367630.660577398, 493059.8662046913 8367652.460964494, 493057.5424786857 8367702.374599245, 493035.59680947236 8367725.317452094, 493027.51133230043 8367734.494698754, 493000.36742699833 8367764.8945085555, 492983.6234970027 8367767.758359356, 492970.9224275432 8367766.033475215, 492957.6418892184 8367771.766903428, 492950.7120780711 8367777.502175296, 492935.6942198034 8367801.020760531, 492933.53953649837 8367804.148211775, 493047.9999999993 8367833.000000001, 493048.1567657556 8367833.047744749, 493138.0000000017 8367860.410497192, 493223.51866327226 8367885.177015725, 493245.12201366434 8367890.958193118, 493268.78792835964 8367898.885778121, 493269.6451402866 8367895.366402766, 493281.1804639024 8367854.577598147, 493305.5188829546 8367819.055689235, 493332.4181669967 8367783.534571542, 493351.2948123431 8367709.902754972, 493351.6454209931 8367708.535141633, 493352.9195184834 8367703.9572833935, 493367.0259265605 8367653.272671726, 493372.1573963376 8367617.7455290975, 493383.6972023633 8367559.850203117, 493395.52866546024 8367525.421509556, 493394.85801448853 8367502.403722302, 493394.685060079 8367496.467657248, 493394.38479608437 8367486.162128751, 493407.1032088778 8367423.813250195, 493417.512494566 8367360.309042358, 493415.20888326224 8367339.524408416, 493426.633079582 8367295.221433515, 493427.8364112129 8367290.554919603, 493434.8589249772 8367263.321647145, 493467.20511784515 8367205.59714518, 493506.48139466054 8367139.792059248, 493512.7184422856 8367121.512701454, 493515.1574928624 8367114.364402949, 493523.8148392414 8367088.9917039415, 493556.16346423887 8367020.875624785, 493589.6618780027 8366970.0798517205, 493603.92838362674 8366933.863211795, 493611.0372235481 8366915.816865855, 493618.46384680824 8366915.789230015, 493621.69406174094 8366915.777209786, 493622.88815000665 8366915.772766362, 493623.60476682003 8366915.942927165, 493632.8746579459 8366918.144064624, 493623.3556189289 8366911.354991455, 493622.7077811429 8366910.892947111, 493616.5291931781 8366906.486316809, 493613.72016998776 8366904.48289357, 493613.2868864519 8366904.173846431, 493621.11418102524 8366893.731762743, 493584.40838625387 8366854.9522423735, 493566.3901601444 8366836.775268143, 493537.49749801325 8366808.755740181, 493515.13743504067 8366783.657228166, 493494.18302291556 8366757.657548721, 493486.5982828089 8366761.907805031, 493445.4056823632 8366720.260163067, 493427.12640591327 8366748.680869471))",46
Iguape,"POLYGON ((488026.78920395917 8369830.643726276, 488846.8338766354 8370711.039110047, 488906.4473999458 8370733.767617866, 491976.64164552395 8371904.323056351, 492556.10118168185 8372050.038335129, 492556.29474072467 8372045.427275729, 492566.70652848185 8371987.685911728, 492582.8890522882 8371941.495173372, 492599.06528114434 8371916.092670653, 492618.70397327025 8371897.620442742, 492638.3426354883 8371879.148198805, 492646.43595515756 8371849.1235739635, 492663.76451263286 8371831.805628271, 492683.4041322258 8371809.868731296, 492708.81706421985 8371791.398280999, 492716.9040269654 8371782.161659444, 492700.7387822979 8371771.76284125, 492684.5767933599 8371750.970163726, 492670.7290537682 8371715.164688358, 492661.50117381354 8371678.205803415, 492661.51479937625 8371633.165679162, 492676.5389888542 8371597.369142028, 492674.2452523644 8371544.244396231, 492659.25184874376 8371478.412358817, 492620.0085545323 8371405.643928078, 492603.8552246167 8371357.1348045245, 492588.8578950271 8371305.161514211, 492600.4234647988 8371249.731934886, 492622.37944512424 8371204.699254559, 492648.95891535294 8371145.809814468, 492654.748893109 8371093.843291295, 492643.22356953303 8371017.6199626, 492617.83730548393 8370950.6312431395, 492643.82126780355 8370950.639140254, 492650.90340611176 8370865.32550664, 492655.5267250922 8370821.903204125, 492660.1493108293 8370780.849448788, 492661.69848982326 8370739.794761232, 492660.9363830627 8370719.266951785, 492662.47695464914 8370706.635078806, 492666.3210501461 8370698.741002202, 492672.4719870937 8370685.320932301, 492675.5514427322 8370665.583873686, 492670.96303723333 8370593.735955846, 492682.0126172566 8370526.170527598, 492743.5731651398 8370218.275382548, 492782.0305139021 8370084.06806762, 492822.58856657904 8369923.001279239, 492864.03507945343 8369834.865477728, 492845.55850145593 8369834.860029049, 492846.72080825287 8369809.45499065, 492846.72899071104 8369781.740121259, 492860.59730975825 8369744.791048523, 492879.08366181207 8369711.307836002, 492892.95494041446 8369663.965873515, 492902.2104725624 8369605.074767845, 492913.77374880516 8369551.9584437, 492924.17082398746 8369538.104210263, 492916.0931272194 8369518.470685525, 492902.2388930459 8369508.073647896, 492901.09628499375 8369466.50149351, 492916.1117002649 8369454.958216626, 492917.27087781 8369439.9465921605, 492908.0428283734 8369405.300762814, 492909.2162065699 8369341.788958111, 492918.47461819195 8369272.505844209, 492911.5528079953 8369249.40858132, 492903.47318869526 8369236.703850768, 492928.88022924785 8369228.628009026, 492936.9682778714 8369212.463712921, 492940.44034928596 8369185.905305268, 492927.74602085486 8369158.187380503, 492927.04584426194 8369124.405522052, 492950.15811330365 8369065.519855416, 492961.1437023547 8369012.404536364, 492970.96693762677 8368985.270841743, 492975.23444187525 8368901.181980989, 492976.7932733756 8368799.413730849, 492984.75940284395 8368706.410147838, 493033.9837055607 8368521.1496123765, 493077.04543338827 8368390.627387909, 493133.5681862841 8368222.454140487, 493167.40115047595 8368121.404698797, 493186.87844027363 8368070.88073401, 493207.19788321847 8367997.518658651, 493247.2223087094 8367927.488331694, 493264.51738392824 8367916.418955575, 493268.78792835964 8367898.885778121, 493245.12201366434 8367890.958193118, 493223.51866327226 8367885.177015725, 493138.0000000017 8367860.410497192, 493048.1567657556 8367833.047744749, 493047.9999999993 8367833.000000001, 492933.53953649837 8367804.148211775, 492928.185477444 8367811.919450631, 492922.19320920046 8367823.409642319, 492916.39200693136 8367853.157061916, 492903.9100832011 8367903.709305637, 492893.5100128213 8367930.098026987, 492877.9136872127 8367957.058910453, 492870.40480925224 8367968.531387911, 492862.31428108376 8367994.3470793925, 492843.2528717799 8368024.175616963, 492815.53269942605 8368048.838087879, 492804.55823385454 8368064.899412526, 492798.7790984278 8368083.830977988, 492796.4653408552 8368098.317570396, 492792.99495667906 8368119.544824899, 492792.98726874945 8368145.363006844, 492797.5980397889 8368172.330064895, 492814.91027692717 8368200.448397084, 492837.99399598077 8368236.027130867, 492852.9937518715 8368275.045961021, 492854.1352724073 8368319.798201891, 492852.96952732536 8368357.091165041, 492849.502037847 8368368.564936529, 492832.17967820034 8368373.723515645, 492818.8993045706 8368377.305204317, 492803.019581213 8368385.3328893725, 492795.801754497 8368388.1994412225, 492788.87224169465 8368392.213578472, 492784.82836267934 8368400.101654758, 492784.82528452255 8368410.42905807, 492776.7374297498 8368426.491558416, 492769.806360571 8368435.669391705, 492777.8873761745 8368442.5567030385, 492798.0918758937 8368452.890126215, 492812.52307383175 8368462.648123454, 492829.84216484835 8368468.390767256, 492831.4389317042 8368485.119435131, 492817.5954001251 8368533.276220699, 492794.5292988024 8368591.694170581, 492794.94749417563 8368615.005773544, 492801.0878982268 8368635.0088545345, 492791.8573405538 8368671.850581586, 492786.7203331758 8368722.378487175, 492787.7337725763 8368759.223260028, 492777.4809286991 8368788.6957799075, 492769.2750107511 8368824.484974464, 492740.5741521269 8368883.427425067, 492720.06674617174 8368947.635878249, 492707.59381733666 8368984.061167301, 492688.3835946554 8368992.740105877, 492653.8071805161 8369001.414372713, 492618.46405221545 8369004.561769821, 492605.75947550824 8369004.876318633, 492591.6982504061 8369014.580489175, 492568.6468578029 8369021.8108129315, 492535.99289107317 8369024.432446881, 492505.9029433582 8369017.843852459, 492500.7829538514 8369011.262855274, 492498.8642187473 8369004.682959363, 492500.14653175045 8368998.761918647, 492476.7507066672 8369010.503635917, 492410.9182161072 8369055.485933825, 492355.5847588506 8369103.8926363345, 492307.42523719976 8369141.774454603, 492287.9522976298 8369170.191116997, 492273.5976838255 8369210.189037135, 492253.09381614806 8369258.6065883655, 492241.81578145426 8369288.078435572, 492230.53738176887 8369318.603102074, 492215.1588216006 8369356.495226225, 492200.80669017095 8369388.071493488, 492195.6767837395 8369412.281944107, 492198.7411923362 8369439.653066603, 492192.5854702166 8369468.0739326645, 492183.35412203684 8369503.862584472, 492172.0775905059 8369528.071043995, 492143.3893642911 8369540.694109012, 492089.0889224375 8369557.519536937, 492053.23382426985 8369557.50780168, 492028.649775922 8369550.130834098, 492005.9937441489 8369535.980849587, 492013.07781230233 8369530.1052170005, 492048.1136483883 8369551.18994539, 492074.7495952353 8369549.093355677, 492108.55726120935 8369544.89353448, 492139.29395900585 8369533.32388988, 492170.0344777679 8369510.174459087, 492179.2624493758 8369484.912735035, 492183.3700872453 8369454.385893415, 492184.40438254335 8369423.857948398, 492192.60854227643 8369396.490458332, 492201.8402832373 8369359.649085818, 492213.11873799376 8369329.124433392, 492229.5230736466 8369287.021780365, 492240.8041580023 8369248.075618393, 492244.9092125795 8369224.917652669, 492259.26018150896 8369196.499389165, 492285.90946618514 8369151.2419330925, 492319.7255526756 8369118.618965781, 492346.3669872958 8369097.573547015, 492404.7743938169 8369047.06239999, 492438.5862303207 8369027.071731358, 492468.3006323908 8369006.0270266505, 492492.8943756953 8368980.76994979, 492509.4962684526 8368970.954250109, 492513.00571451103 8368964.864564903, 492526.87051798723 8368939.464442603, 492537.27395967447 8368904.82527978, 492513.0317775136 8368880.568191381, 492510.7315416167 8368850.544200831, 492530.37221112364 8368818.217496147, 492551.16427992936 8368796.283786289, 492561.56680914544 8368763.9543222245, 492575.43286389194 8368733.935407057, 492589.29747064365 8368708.535466522, 492591.615102504 8368681.977296634, 492575.45658850233 8368656.568268445, 492552.36936705705 8368632.311789084, 492550.06921507785 8368602.2881284, 492538.53928506136 8368545.702852283, 492530.47481267835 8368485.654565023, 492529.3364626652 8368432.536998037, 492546.6757201575 8368372.496869106, 492581.33674530266 8368308.998078112, 492582.5010328013 8368277.821115343, 492573.27214082883 8368248.9504577145, 492544.41223525925 8368223.537830021, 492502.847517222 8368207.359095484, 492460.1272626105 8368194.644002406, 492443.96452770336 8368184.246521134, 492393.1601660333 8368174.992968134, 492387.39099558635 8368161.134639661, 492405.872095051 8368142.665055485, 492433.5930231544 8368117.2702005, 492449.76183248375 8368108.037610024, 492460.1610760413 8368086.101498555, 492467.0997290447 8368052.617172265, 492469.4216396693 8368012.203259665, 492498.30208127503 8367970.643012097, 492546.8044405504 8367954.492209891, 492574.524651098 8367930.25210377, 492599.93513187283 8367907.165950821, 492594.17191528773 8367873.677918244, 492595.3385336313 8367834.418769184, 492601.1233863851 8367797.470303636, 492619.6117936684 8367753.597786317, 492631.1681437646 8367722.42463917, 492683.1396175993 8367687.7997771595, 492728.1797130336 8367663.565055218, 492763.9903929606 8367611.615005011, 492785.94004851155 8367575.826342782, 492818.2855737124 8367527.33947235, 492826.3830620612 8367477.690688004, 492826.3929911648 8367444.205185882, 492824.09490912355 8367406.100231558, 492844.88823559374 8367374.930267079, 492867.9915644246 8367341.45158185, 492895.71922969015 8367288.345025086, 492916.5218306092 8367224.844513156, 492925.77392828313 8367174.041995002, 492944.26205577183 8367127.861045816, 492963.90703164926 8367073.597795101, 492993.94486339984 8367015.873795053, 493036.75979504327 8366969.705446178, 493039.4845713096 8366962.9105801955, 493042.0540767833 8366960.880433015, 493050.54315943376 8366945.456232022, 493086.34757523943 8366909.672366522, 493104.8364049902 8366858.873182576, 493109.4704173807 8366804.606183673, 493100.244869678 8366764.190984903, 493100.2517881694 8366739.943555889, 493119.8855894762 8366722.629540466, 493134.89985903853 8366708.778164137, 493139.52165578 8366697.232995504, 493130.28943131445 8366679.910874897, 493132.6066129791 8366652.200244893, 493133.77208731085 8366614.09749832, 493119.9302702388 8366565.599027576, 493116.4755234992 8366533.268315605, 493119.95359780325 8366483.620184472, 493141.9157927241 8366398.184044813, 493156.94390231796 8366334.684082626, 493143.1107162778 8366256.166040502, 493143.12414408725 8366208.8267405275, 493128.13907319884 8366121.071807849, 493147.77988197684 8366077.202263937, 493154.71996162366 8366033.329109274, 493124.7083565499 8366004.4553702185, 493121.2514942898 8365980.207715572, 493127.04025816126 8365924.788414022, 493102.80312321795 8365891.298066969, 493077.409231658 8365865.88955085, 493013.9099432772 8365853.170761305, 492942.3200895313 8365869.314336967, 492879.9588109324 8365913.170842597, 492860.9036338528 8365954.445607889, 492787.2854503582 8365947.844323024, 492752.05005369 8366033.365786087, 492681.62465470296 8366053.082625912, 492633.611308649 8366053.068040947, 492623.99857916 8366085.962024275, 492646.3887319335 8366138.603819598, 492659.1744543368 8366197.821992733, 492671.96013243333 8366257.040266651, 492729.5578570151 8366319.561817375, 492844.75117211987 8366454.473243552, 492761.48244078946 8366602.484239887, 492659.0356122755 8366655.088416165, 492582.2012873029 8366691.251524048, 492518.19292631414 8366655.0452470705, 492463.7785521536 8366648.449035236, 492354.92794171185 8366704.339474783, 492268.49424396304 8366727.339702133, 492102.07339208125 8366635.174747417, 491993.2644808056 8366562.765947222, 491964.46027833305 8366549.597540478, 491913.24281180324 8366556.159890258, 491846.00603459694 8366605.482614014, 491765.9730593038 8366631.772973202, 491717.96193574904 8366621.887603754, 491602.72723629884 8366621.8478590045, 491525.9339707765 8366536.289192202, 491516.36340661877 8366444.174638251, 491519.59547648916 8366355.354115557, 491481.2051980222 8366296.126213601, 491436.40157458244 8366269.793004757, 491417.1657576046 8366355.3179679215, 491394.72878537397 8366440.84188224, 491343.49254260457 8366500.0378808435, 491266.65542423865 8366539.486587953, 491151.4066595622 8366578.920913819, 491071.3510312443 8366664.423365833, 490997.7237969595 8366677.554698424, 490978.50206523616 8366720.3136398, 490811.99999284494 8366855.128022475, 490715.9447124162 8366920.885041943, 490655.10908233206 8366963.627601203, 490619.88008503837 8367009.669498806, 490466.24947241216 8366963.553890049, 490443.86718093307 8366901.041007504, 490431.1008150203 8366805.634995653, 490415.10893549747 8366772.731860475, 490386.46764525905 8366744.554217672, 490341.51516626717 8366700.329432913, 490258.3268661028 8366608.184737859, 490245.55221109337 8366535.806541521, 490216.7795970761 8366446.97334893, 490197.6004612852 8366381.171732332, 490180.20000000217 8366441.299999999, 489303.5000000029 8366797.000000005, 488120.9000000019 8366123.5, 486778.5000001018 8366303.800001212, 488026.78920395917 8369830.643726276))",2
São Domingos,"POLYGON ((492832.27849653695 8372118.2972712135, 493039.73736954824 8372170.128473617, 493042.68154070247 8372098.465480468, 493050.77854270913 8372053.70906254, 493042.71346090565 8371987.142556135, 493038.1037049423 8371952.711636522, 493053.14488557813 8371856.313136923, 493064.7199421188 8371764.504620388, 493068.1951303088 8371727.781013261, 493073.98326660355 8371679.581640791, 493073.9944073733 8371640.561822643, 493070.5467783571 8371580.883605026, 493092.51648060465 8371485.636190944, 493098.3052736744 8371435.142027702, 493092.5429542783 8371392.678172572, 493092.5553745373 8371349.068239804, 493098.3414158389 8371307.755389646, 493108.7449789597 8371273.329617697, 493115.68063551286 8371250.37917386, 493111.07005036116 8371219.392072346, 493106.46328422707 8371174.633653894, 493112.25447693735 8371114.959261832, 493128.4334599858 8371075.944898567, 493128.4432163202 8371041.516496713, 493131.9204846393 8370996.760698283, 493146.9487148356 8370942.827286159, 493153.8894265882 8370901.515511049, 493148.1349245688 8370831.510009252, 493142.3812135293 8370759.209503423, 493144.70746388077 8370700.682710262, 493161.7354884042 8370659.006465342, 493170.9828733881 8370628.024040071, 493170.9993610118 8370569.496809162, 493176.7938101571 8370497.200432239, 493183.7375739171 8370444.413417343, 493189.52518533485 8370396.216625717, 493199.9343506935 8370339.988076288, 493197.64176035556 8370279.165848391, 493208.968145498 8370225.956440254, 493211.8583681185 8370214.481476419, 493215.3266962584 8370200.711563488, 493220.5261304887 8370190.384855336, 493224.571486907 8370177.762712851, 493222.8425159886 8370166.286566079, 493221.1140282466 8370153.089003315, 493221.1191642595 8370134.72789876, 493222.28008283506 8370112.924395936, 493224.5949081069 8370093.9901313605, 493219.9824837952 8370069.890012982, 493217.6810390504 8370040.626402644, 493230.9784120008 8369979.235491119, 493234.44883138244 8369957.432740791, 493237.91903198033 8369936.7776003415, 493240.8095270874 8369924.15524116, 493245.4336197447 8369906.369337417, 493249.4774777398 8369898.911325891, 493251.21475182316 8369880.550921493, 493258.1490303492 8369861.044352472, 493258.73388325964 8369834.076987261, 493258.7405881837 8369809.978266646, 493259.8997028281 8369794.486616206, 493259.90273553383 8369783.584866413, 493261.6390363666 8369768.66718161, 493259.33230359794 8369758.338594567, 493259.3361348092 8369744.5679279165, 493259.3406045634 8369728.502260575, 493263.38395018084 8369722.765662152, 493263.3876196282 8369709.568800573, 493271.4750975179 8369695.226684893, 493281.87550487265 8369668.835955897, 493287.6552707105 8369647.6079706615, 493295.74557178235 8369622.937900696, 493299.79285844765 8369602.857043462, 493297.48676052864 8369590.233347341, 493299.2220726419 8369578.758380145, 493297.49358661583 8369565.561148587, 493296.34609689773 8369539.167434479, 493298.6580620063 8369530.561433083, 493301.5502230918 8369511.627865756, 493306.17466931895 8369492.120970984, 493312.53118699585 8369473.188358892, 493321.77576901246 8369449.666317679, 493329.8621781711 8369438.767013457, 493333.3336462022 8369412.9483756805, 493334.49664241174 8369383.112794196, 493338.54280333954 8369366.47464995, 493344.3257092909 8369333.771530024, 493348.3721205492 8369316.559688572, 493351.264532947 8369296.478611762, 493356.46702162735 8369274.103277165, 493362.8218711952 8369260.9083736185, 493355.8980275289 8369243.693631947, 493360.5242671733 8369217.301718835, 493365.72652392957 8369196.073881724, 493376.7039498665 8369169.68381415, 493380.75093842146 8369150.177074348, 493380.754701997 8369136.40673323, 493388.84364319575 8369115.753595111, 493391.7355290461 8369097.39403828, 493394.6280365296 8369076.739479192, 493394.6310098939 8369065.838055325, 493411.9714286575 8368995.270419176, 493421.2139706684 8368978.633890905, 493430.0747345165 8368957.615157013, 493189.60955847194 8368957.74978759, 493176.070507158 8368957.749699208, 493176.80498423957 8368960.116986156, 493187.0372736151 8369002.227680675, 493206.23344315006 8369043.025158266, 493219.0260488995 8369087.768340775, 493235.65879696555 8369137.776160421, 493248.45480927255 8369170.676452097, 493262.5285252264 8369214.104125815, 493266.35719112353 8369260.160729703, 493265.06133115076 8369315.426992069, 493252.2336933053 8369395.691621029, 493226.6002419914 8369477.268388156, 493194.5642321551 8369557.527599063, 493174.05416598474 8369633.842390944, 493150.98049190873 8369718.051571437, 493126.6220313466 8369816.735012638, 493084.31979030214 8369970.679904153, 493072.79319211043 8369975.940070643, 493043.31644158205 8370058.831460905, 493067.6453651127 8370065.417839043, 493054.8268693379 8370110.153731423, 492984.34976910544 8370268.037948247, 492954.87160008855 8370353.560998604, 492913.8633991761 8370454.871011667, 492892.06552501005 8370549.6072962005, 492883.0840002385 8370608.818851873, 492875.383772697 8370665.398994844, 492865.11888484086 8370733.821237357, 492859.9697559597 8370824.614748795, 492865.0487955031 8370971.993656304, 492879.08645591274 8371139.113269964, 492896.98444638046 8371244.388042953, 492886.730467283 8371274.650035125, 492928.0413018519 8371346.1843201695, 492943.7470423821 8371354.0371241225, 492969.8042658379 8371405.437712657, 492984.79611247114 8371442.56029728, 492993.24969876464 8371463.493120317, 492992.2195162407 8371483.801506296, 492992.3300362025 8371495.820026329, 492995.97001159994 8371505.239969299, 492997.3700339242 8371515.179980673, 492996.77460649714 8371525.833243049, 492997.4100463938 8371534.300032134, 492997.28864925605 8371542.797128897, 492994.3499958609 8371550.000028886, 492994.3499651307 8371561.660054325, 492996.2099473841 8371571.959987411, 492998.51000784547 8371581.760014337, 492999.9700038737 8371591.660004226, 493000.97000462783 8371602.08002379, 493002.3299763093 8371613.939967632, 493003.31515742675 8371622.379648697, 493003.5300183526 8371624.220022112, 493004.55001659424 8371634.36000203, 493005.0700410191 8371644.419982804, 493005.1899694761 8371654.819950137, 493006.0899890074 8371665.94005257, 493005.71000230464 8371676.799981084, 493004.1700517804 8371688.439984694, 493002.15001489455 8371698.960001548, 493000.8299750303 8371709.479998918, 492999.3900260686 8371719.980053129, 492997.650041547 8371730.600024042, 492995.67003199697 8371740.779949591, 492993.50994622445 8371750.920006074, 492991.7699685063 8371761.5000489075, 492989.6100274351 8371771.499971864, 492985.93000875186 8371784.660025653, 492982.3300038369 8371795.080041236, 492978.7900532847 8371812.220046362, 492976.56998793624 8371822.019981498, 492973.169973223 8371831.700013578, 492967.77004630276 8371840.299987372, 492963.3099915129 8371849.860039021, 492960.62995289086 8371861.160048182, 492958.14997615456 8371871.49997676, 492952.7699521188 8371886.759978769, 492948.7699476912 8371897.440009013, 492945.3099658712 8371907.820021011, 492941.6100004141 8371917.240045596, 492937.1900372405 8371927.660036228, 492932.53005176934 8371937.619961268, 492920.5899883426 8371970.580045825, 492915.3900532227 8371980.5200119475, 492911.0499749708 8371990.079977587, 492906.5900180467 8372000.240035187, 492901.51002821635 8372009.299971087, 492897.28999015095 8372019.500024463, 492893.56997330184 8372028.900016185, 492888.2699932629 8372037.440054139, 492881.60998940945 8372047.240004603, 492875.8300518725 8372057.859995492, 492869.0700305667 8372066.579992663, 492862.73005154915 8372074.500014791, 492857.07002413267 8372083.260038291, 492852.0300233636 8372093.479971571, 492846.98995483236 8372102.819952229, 492839.5900146539 8372110.279992739, 492832.27849653695 8372118.2972712135))",17
Pontal,"POLYGON ((496952.6467080461 8361981.825334793, 496963.875374666 8361798.360341186, 496961.5915780622 8361782.564081362, 496805.764169068 8361630.253849721, 496444.46099999995 8361964.302900001, 496056.3273321743 8361958.63611965, 495794.21596488496 8361694.762896941, 495597.3161357583 8361476.295479006, 495565.9196095289 8361459.103612303, 495412.0443665951 8361463.140409401, 495420.5307031772 8361465.1168764355, 495440.15462652635 8361468.583691741, 495486.32406471064 8361500.915370868, 495530.18363127735 8361540.172831037, 495593.6648463243 8361596.749717433, 495637.52434412995 8361638.315928755, 495649.0630616342 8361667.1780143045, 495667.5275787492 8361699.504433137, 495664.0598663795 8361724.900603825, 495676.7520419004 8361759.534925148, 495679.05239775137 8361806.865940334, 495670.06055077666 8361859.974934567, 495628.0669152309 8361889.442966847, 495592.219062123 8361911.543230287, 495566.47616346844 8361953.651849516, 495569.3599688399 8361964.5291970745, 495575.5005687624 8361986.637004346, 495577.54013574583 8362034.009007163, 495587.7752522723 8362066.644650343, 495606.2048891567 8362090.86024432, 495613.35269204114 8362098.754623129, 495653.95018452196 8362108.037037861, 495689.3887283266 8362104.705952436, 495800.2144311603 8362096.644631089, 495864.86177997605 8362096.655805549, 495915.6548484868 8362104.745344607, 495944.5145547016 8362109.367894107, 495975.6833385185 8362112.836430404, 496003.38652365713 8362130.157274736, 495991.83688031987 8362162.479211642, 495965.2811502374 8362186.717644946, 495931.80077242584 8362199.410687648, 495914.48437162006 8362199.407759732, 495898.3248760692 8362185.5518730115, 495856.7680474433 8362171.691734984, 495819.8277143201 8362164.758842392, 495778.26550870773 8362182.067947367, 495754.0173005692 8362212.078704387, 495729.1223387941 8362254.328102639, 495745.4506985651 8362283.529752015, 495765.9261712559 8362323.5360447895, 495765.9217350175 8362348.800986705, 495777.1788054884 8362396.174574739, 495788.4345572906 8362451.969691623, 495794.5727297324 8362489.868117435, 495783.30295670405 8362514.078258667, 495792.51616551384 8362537.239367468, 495786.36713233066 8362561.450402122, 495781.2369005212 8362616.190037578, 495776.11070170737 8362647.770173108, 495772.00632532587 8362691.983009121, 495757.66128791653 8362731.9831661545, 495742.5511143329 8362763.032408964, 495749.74727683445 8362770.831190055, 495772.09672176675 8362795.052088274, 495774.57305116334 8362797.735751071, 495792.45776433416 8362817.118071962, 495792.4511538162 8362855.015303984, 495772.47637991 8362877.118585687, 495744.821259189 8362894.483370673, 495669.53976115334 8362930.788125951, 495640.3442555514 8362970.259176525, 495621.8980526016 8363033.417994739, 495621.8914616114 8363069.736252865, 495627.55091374286 8363096.330217551, 495628.04643893486 8363098.658721283, 495629.78480957786 8363106.827508664, 495631.14140396006 8363113.20213582, 495633.24994310224 8363123.110221703, 495662.94155184546 8363173.645320827, 495676.76017049333 8363189.525852955, 495677.05548399896 8363189.865235786, 495677.1135784464 8363189.932050387, 495677.42438383814 8363190.289132467, 495680.34868736775 8363193.649774459, 495706.7043508682 8363215.504537767, 495712.0930407839 8363219.972971135, 495719.54921326414 8363224.032096779, 495721.35851821286 8363225.017005316, 495729.502113739 8363229.450419588, 495746.9131636317 8363228.400775991, 495770.4694521879 8363225.24675981, 495794.023089456 8363237.8832844235, 495798.1147579457 8363266.306968254, 495802.1739811406 8363273.462469865, 495802.95731953386 8363274.843262911, 495812.4487157911 8363291.574273558, 495824.02866687975 8363297.528157603, 495825.35209022777 8363298.208594823, 495830.8820639027 8363301.051825828, 495838.7505567345 8363310.490824009, 495840.4816711825 8363312.567361229, 495843.16951981426 8363315.791790061, 495870.81865619135 8363335.797865642, 495879.5570500285 8363349.684122639, 495880.45595517586 8363351.112602681, 495882.0814289705 8363353.695680335, 495883.7866598634 8363359.307965168, 495883.91270248854 8363359.722526543, 495887.1993825011 8363370.539834591, 495887.1957939303 8363391.593880068, 495875.96253119176 8363406.785600695, 495900.5377998862 8363435.212755134, 495915.8961566004 8363460.480169096, 495929.7163931151 8363496.800750106, 495935.8593128726 8363509.43418972, 495952.75976373133 8363499.962671624, 496003.46752831363 8363433.650943761, 496055.7166077829 8363334.179266236, 496095.67657410295 8363226.810201536, 496092.8626020306 8363211.545541632, 496086.72443508176 8363168.910089734, 496097.47909613553 8363163.38511202, 496101.32047647506 8363158.648607939, 496095.94436177675 8363153.910613436, 496092.10541095067 8363143.64614695, 496092.10707347706 8363133.382302166, 496092.1088638925 8363122.3289733175, 496092.8784566225 8363113.644220777, 496097.4879081679 8363108.907841517, 496102.8664363228 8363098.644865622, 496095.18714408134 8363086.800699831, 496092.11730462697 8363070.220153105, 496081.36471507495 8363063.90220475, 496075.98849703313 8363059.953689422, 496082.13433045906 8363054.428078709, 496085.976080827 8363047.322903376, 496091.3560073385 8363028.375162643, 496115.17374591395 8362990.4817831395, 496130.5376339053 8362980.220406173, 496129.0028793466 8362971.5352818305, 496137.4575576922 8362937.58705054, 496161.27639090654 8362891.798339519, 496184.3287049452 8362834.956040181, 496208.14983059454 8362773.3767109085, 496245.7956618634 8362718.905311901, 496271.1481278392 8362686.538620464, 496327.9959718282 8362634.438614743, 496387.14716304955 8362586.286350841, 496455.5134032434 8362551.557415345, 496540.0090994723 8362519.988542451, 496652.15442903026 8362501.055751419, 496749.702104642 8362508.9643817395, 496829.58247334743 8362524.765586892, 496901.7821182523 8362538.986351722, 496908.6933617437 8362551.619761783, 496915.6053259664 8362559.515821608, 496930.96729208546 8362559.517781399, 496949.40252264077 8362553.993509034, 496967.06788060005 8362561.101427584, 497007.0062491724 8362584.792272949, 497079.20225719793 8362631.383129105, 497129.12480822374 8362666.917904539, 497164.45434996474 8362695.344953382, 497178.27833270055 8362711.926627552, 497189.02930310986 8362733.245172487, 497191.33223014564 8362745.088256374, 497208.99690180784 8362760.880874971, 497213.60360391915 8362777.461459614, 497213.6016885957 8362794.04151121, 497215.90428549494 8362809.832344565, 497220.51227544824 8362815.359596683, 497228.9607367868 8362821.676773505, 497232.03096290515 8362841.415224272, 497193.62358528114 8362856.411758594, 497198.23012768495 8362875.361018378, 497207.4449385072 8362896.679263132, 497198.225725955 8362913.258244384, 497174.41355859826 8362918.782187155, 497157.51574885624 8362912.46399759, 497146.76220463787 8362912.462728045, 497122.948802055 8362928.250355124, 497112.2371951792 8362939.209830321, 497112.2322511367 8362980.510308107, 497121.4656430746 8363000.014365693, 497128.390908912 8363012.634768893, 497129.5422491584 8363039.021345833, 497129.5363795537 8363088.352480302, 497129.5306465836 8363136.536660179, 497137.6071757108 8363176.691028412, 497137.14594772225 8363185.151546832, 497136.45016895165 8363197.914934725, 497134.71508353227 8363226.595844265, 497131.24793022196 8363257.571005367, 497142.2142839434 8363267.323947584, 497162.41782836796 8363265.6054608105, 497180.8903825134 8363257.003269799, 497195.3219915224 8363250.69505341, 497205.1353127771 8363248.975320848, 497221.8758923562 8363242.667466515, 497235.72989624075 8363239.800902021, 497241.502242317 8363239.801562662, 497250.1602384092 8363244.391577981, 497258.24208896345 8363239.803470721, 497270.3644047421 8363236.9368001055, 497284.7958491589 8363231.775814554, 497299.226817105 8363231.777434244, 497315.966339066 8363234.647347329, 497337.3238464687 8363236.370585074, 497355.79504022736 8363240.387945944, 497363.2990060311 8363240.962464656, 497368.4929720547 8363251.861846283, 497378.3053011007 8363258.172812663, 497393.31329082244 8363259.8953100005, 497400.81652205525 8363267.353191361, 497400.8152861815 8363278.825703039, 497395.0400820589 8363305.211735338, 497394.46115452284 8363321.273210985, 497400.80947770545 8363332.746406993, 497413.50870937493 8363332.747771622, 497418.7052338954 8363320.128532476, 497423.32468231785 8363306.362056741, 497424.48010953027 8363296.610539768, 497431.4085502715 8363281.697024258, 497431.986949377 8363271.371858427, 497425.06047089247 8363267.929377744, 497414.6708874582 8363261.044781719, 497412.3628113341 8363253.5874623675, 497407.16931828903 8363238.099063325, 497397.9343049743 8363230.640997052, 497395.04875238356 8363224.904484873, 497401.9770055107 8363211.711848287, 497412.36939404125 8363192.209904106, 497425.070204673 8363176.7234207215, 497441.8127443848 8363150.912241621, 497455.09062952554 8363137.146785205, 497463.17151339474 8363140.015681544, 497481.6419955065 8363150.34284506, 497501.2669915628 8363159.522829464, 497513.96554090193 8363165.260342355, 497531.28098944726 8363181.3235495305, 497540.5174962263 8363173.293723024, 497525.511128451 8363157.230759315, 497519.73999196774 8363144.610590638, 497525.51442312385 8363125.108011099, 497533.59666005056 8363114.783720716, 497519.7436481841 8363109.046099244, 497497.8090042538 8363106.749375844, 497493.19272415095 8363091.834750995, 497489.7316489259 8363070.036869915, 497467.7981270278 8363057.415000712, 497415.5876790495 8363044.080700686, 497361.82247217983 8363016.441503769, 497351.58414591686 8362987.491049938, 497351.58732415 8362958.541717613, 497357.99326631706 8362912.486787892, 497366.96175274445 8362846.69381581, 497372.0875941364 8362800.638738631, 497375.93015500443 8362782.216791442, 497378.49345577526 8362754.583687289, 497384.90054208727 8362698.001660823, 497388.7484906843 8362629.576426258, 497392.59712911554 8362554.571856962, 497393.3761980603 8362452.722935434, 497384.1714774982 8362337.451026283, 497384.9441766803 8362295.6062236065, 497375.734230025 8362229.284989329, 497372.670869364 8362147.173843271, 497371.13776585745 8362118.750684369, 497358.85771594057 8362033.480473639, 497351.5498476756 8362017.0338657275, 497336.3422242715 8361998.482650533, 497327.0436780762 8361989.207262283, 497312.1988696934 8361979.367092427, 497300.4594027182 8361977.076692425, 497031.14403540845 8361980.752227985, 496952.6467080461 8361981.825334793))",188
Jardim Atlântico,"POLYGON ((497311.5011106183 8359661.7339840485, 497311.0259722625 8359633.956488517, 497198.96873342624 8359634.280353369, 497163.1378330273 8359747.431700006, 497053.2060448078 8360061.105784039, 497038.0342330273 8360124.039600007, 497034.35062131914 8360157.7342000045, 497036.5665230104 8360207.998818485, 497104.8838558359 8360856.424654705, 497152.61025653244 8361289.717049433, 497177.09979301214 8361556.9737367015, 497194.5272092923 8361755.245565858, 497201.0816330267 8361854.0012, 497218.35533302365 8361900.758300001, 497247.5728330258 8361941.7704000035, 497265.19543302496 8361957.681800003, 497300.4594027182 8361977.076692425, 497312.1988696961 8361979.367092427, 497327.0436780762 8361989.207262284, 497336.3422242715 8361998.482650533, 497351.5498476756 8362017.0338657275, 497358.85771594057 8362033.480473639, 497345.03947672446 8361967.158708429, 497326.6097088103 8361929.259306883, 497314.32683544344 8361871.622462786, 497298.9705967509 8361823.459635392, 497285.15886834107 8361701.870903461, 497283.63390538655 8361602.390332874, 497288.2530688731 8361507.647577297, 497295.9430528917 8361423.958501408, 497289.8136292511 8361289.738169877, 497274.45836650545 8361237.627657596, 497274.46461776417 8361182.360714035, 497285.22237165115 8361138.148437709, 497288.3127754012 8360977.085065687, 497285.2574232498 8360827.074550379, 497292.9517486921 8360703.909059452, 497280.67324020044 8360613.90146806, 497285.2880320011 8360555.476964666, 497316.02922478877 8360378.6261298545, 497319.1112481535 8360290.199323965, 497314.52353032917 8360107.02827786, 497314.5457209992 8359908.067226566, 497313.0198826696 8359816.481709368, 497311.5011106183 8359661.7339840485))",97
Nelson Costa,"POLYGON ((497031.14403540734 8361980.752227986, 497030.66850000154 8361871.8768000025, 497027.58400000073 8361855.678000001, 496992.1396000022 8361828.508500006, 496980.20060000103 8361797.424000002, 496963.4603000013 8361557.638400001, 496931.9526000004 8361549.275900001, 496911.6270000031 8361529.421900002, 496884.583800002 8361441.323300002, 496820.5023000017 8361442.3903, 496768.972500002 8361441.506000003, 496727.61146303173 8361434.075279985, 496641.95620000083 8361415.5318, 496493.1818884751 8361377.630684044, 496391.64351380523 8361358.106749447, 496327.9538205117 8361346.005579788, 496210.68202575576 8361329.384128999, 496195.9886454744 8361321.952994145, 496139.74846577365 8361270.61060787, 496107.99725320935 8361244.770525306, 496090.2638632143 8361234.637159595, 496063.0726652229 8361221.632673597, 496042.9748232253 8361212.00597617, 495992.1391052408 8361188.361456176, 495986.3405681923 8361204.274593443, 495974.50289897993 8361256.556723043, 495959.61180000193 8361276.436000001, 495910.24653848726 8361300.435338078, 495889.06025736034 8361299.453169169, 495815.5326070534 8361308.20290127, 495732.17979913484 8361328.581684204, 495735.76550874393 8361417.268235156, 495727.50611331686 8361466.734991632, 495679.1620923588 8361446.406757491, 495641.28698942345 8361437.213010585, 495611.2869894216 8361445.813010581, 495565.91960953176 8361459.103612307, 495597.31613575853 8361476.295479009, 495794.2159648854 8361694.762896942, 496056.3273321744 8361958.636119651, 496444.4610000001 8361964.3029, 496805.7641690681 8361630.253849721, 496961.59157806356 8361782.5640813615, 496963.8753746683 8361798.360341184, 496952.6467080461 8361981.825334793, 497031.14403540734 8361980.752227986))",4
São Francisco,"POLYGON ((497163.13783302624 8359747.431700006, 497198.96873342525 8359634.280353369, 497028.15268338006 8359724.0652944315, 496947.3762709126 8359781.261015067, 496798.86808401067 8359889.882712579, 496660.35009318404 8359990.942144917, 496729.39423719514 8360169.301832503, 496791.5990329301 8360329.251575397, 496841.79059695173 8360455.512528973, 496857.8337501846 8360567.702173734, 496861.40151443705 8360729.44081973, 496859.67337862775 8361324.699986288, 496864.69054710865 8361366.84420149, 496884.5679565128 8361441.3372840425, 496911.61115651485 8361529.435884041, 496931.9367565131 8361549.289884036, 496963.44445651025 8361557.652384039, 496980.1847565137 8361797.43798404, 496992.12375651207 8361828.522484038, 497027.5681565106 8361855.69198404, 497030.65265651233 8361871.89078404, 497031.12819191813 8361980.766212024, 497300.4435592303 8361977.072731556, 497265.1795895351 8361957.677839133, 497247.5569895366 8361941.784384037, 497218.33948953263 8361900.7543391315, 497201.06578953564 8361853.997239133, 497194.5113658048 8361755.241604984, 497177.0185047928 8361556.987720737, 497152.5289683156 8361289.731033471, 497104.80256761797 8360856.438638741, 497036.5506795198 8360207.994857617, 497034.3347778311 8360157.730239132, 497038.03423302714 8360124.039600005, 497053.20604480896 8360061.105784039, 497163.13783302624 8359747.431700006))",347
Hernani Sá,"POLYGON ((495727.50611331756 8361466.734991632, 495735.76550874335 8361417.268235156, 495732.1797991369 8361328.581684205, 495815.5326070541 8361308.20290127, 495889.0602573607 8361299.453169172, 495910.24653848703 8361300.435338079, 495959.6118000014 8361276.436000002, 495974.5028989796 8361256.556723044, 495986.3405681925 8361204.274593444, 495992.13910524093 8361188.361456176, 496042.9748232258 8361212.005976171, 496063.0726652231 8361221.632673597, 496090.26386321394 8361234.637159597, 496107.99725320906 8361244.770525306, 496139.74846577336 8361270.61060787, 496195.9886454738 8361321.952994145, 496210.68202575657 8361329.384128999, 496327.9538205139 8361346.005579788, 496391.6435138058 8361358.106749448, 496493.18188847613 8361377.630684044, 496641.9562000005 8361415.531799999, 496727.61146303214 8361434.075279987, 496768.97250000143 8361441.506000004, 496820.50230000145 8361442.3903, 496884.56431166024 8361441.323624498, 496864.69054710964 8361366.844201494, 496859.67337862845 8361324.699986289, 496861.4015144348 8360729.440819731, 496857.8337501849 8360567.702173733, 496841.79059695464 8360455.512528973, 496809.4349900024 8360464.626704208, 496784.28060554125 8360389.656774053, 496710.8267813687 8360410.137296461, 496160.64293782896 8360710.066150261, 496147.6958281799 8360784.789468806, 495892.5216599393 8360733.34187289, 495884.39407404105 8360776.605884261, 495790.75492478727 8360757.779831527, 495770.1281191808 8360754.014620978, 495743.63081256446 8360746.496946271, 495731.33008006716 8360746.647904693, 495700.99147497764 8360758.505020991, 495651.2666525024 8360690.46052708, 495622.0431764414 8360639.411923317, 495617.67475410993 8360631.781008374, 495614.6930738772 8360626.572503652, 495607.6163971124 8360608.33886016, 495605.2789449438 8360602.316221142, 495604.6570577649 8360579.115384101, 495607.61639711284 8360544.713064183, 495608.9038200438 8360529.746772631, 495614.6448280703 8360496.993717183, 495615.7545803203 8360468.879993377, 495612.0554061347 8360451.86379212, 495604.6570577654 8360439.286599894, 495587.6408565109 8360421.9004812185, 495206.2842714478 8360064.632243039, 495206.0922464034 8360069.028694378, 495189.91787904594 8360138.284888991, 495143.7356237733 8360184.448601419, 495116.0322511211 8360182.134377201, 495065.2423180574 8360179.815401081, 495042.14862262213 8360214.440421009, 495053.68154350534 8360265.233346714, 495030.5850772031 8360312.810654804, 494972.85355173214 8360383.919533943, 494954.37074904144 8360448.15401976, 494970.5156187276 8360523.867066978, 494986.66547340644 8360576.63789779, 494986.65974319755 8360604.1689147595, 494954.3274946026 8360654.635603396, 494961.24111254065 8360714.287567324, 495002.78446263843 8360778.53544007, 495076.65940782253 8360796.904697502, 495139.0000666167 8360770.5334098125, 495205.95922890934 8360737.280043766, 495271.76326847327 8360707.467793495, 495338.7185196823 8360692.568103913, 495405.6698568827 8360698.316626741, 495422.9909384488 8360667.448250678, 495481.85980130907 8360683.620260476, 495474.9254576489 8360727.484294163, 495492.2359418035 8360752.883358378, 495526.86162866675 8360779.439885787, 495525.6998590905 8360819.8422375, 495502.60384553246 8360867.166584512, 495485.278233776 8360921.418292275, 495473.7283605179 8360954.892718009, 495442.5556859929 8360980.282766283, 495405.6103605827 8361010.289355883, 495373.2847088258 8361027.598648148, 495351.34236202494 8361076.077872971, 495324.7791163354 8361141.87187803, 495321.30731071567 8361186.891774431, 495340.91916373285 8361251.540680146, 495385.93476058013 8361278.100068309, 495455.1943467938 8361295.428925931, 495522.1483447927 8361295.441460435, 495545.2404599242 8361271.203744616, 495607.57438590814 8361285.067787984, 495650.2826902463 8361305.854324767, 495650.27456395305 8361350.875217838, 495586.7832952924 8361352.018039031, 495499.0471276494 8361368.163252193, 495452.8716105153 8361369.308948575, 495426.321247538 8361366.995083842, 495392.84404123947 8361366.9887069715, 495350.38151808036 8361385.100109812, 495386.91097931284 8361448.407291314, 495391.85678878846 8361458.438724324, 495412.0443665951 8361463.140409401, 495565.919609531 8361459.1036123065, 495641.28698942414 8361437.213010587, 495679.1620923593 8361446.406757491, 495727.50611331756 8361466.734991632))",3
Ilhéus II,"POLYGON ((496147.6958281799 8360784.789468806, 496160.64293782896 8360710.066150261, 496710.8267813687 8360410.137296461, 496784.28060554125 8360389.656774053, 496809.4349900024 8360464.626704208, 496841.79059695464 8360455.512528973, 496791.7711317749 8360328.870452289, 496729.56633603986 8360168.920709399, 496660.3500931849 8359990.942144917, 496623.9033227005 8359913.339575178, 496605.66854209546 8359870.09457045, 496583.17070292454 8359822.371881298, 496571.13146287156 8359796.834099367, 496459.16044752183 8359670.209167093, 496262.36677864613 8359471.97904808, 496155.015946109 8359363.844632818, 495976.4290342244 8359180.480670504, 495964.7536429581 8359168.492972296, 495954.30994655524 8359142.605520387, 495950.97693334415 8359128.364463942, 495949.1589261412 8359079.581270592, 495934.917869694 8359050.7961565, 495923.403824058 8359032.313083246, 495915.13314078003 8359019.036460083, 495910.9807748217 8359002.3159643505, 495913.70778563106 8358960.804799825, 495919.1618072457 8358927.171666519, 495930.6758528829 8358896.871546425, 495937.3418793045 8358870.813443143, 495937.6448805029 8358844.452338661, 495931.58485648537 8358826.272266603, 495919.1814069312 8358789.061917944, 495914.31378802774 8358759.309001198, 495913.10178322706 8358724.46386309, 495911.8665679052 8358688.951422604, 495907.34476041043 8358660.530609694, 495894.0908294795 8358599.3243671, 495886.7704584635 8358568.174854284, 495874.6206307081 8358527.51308248, 495864.47856949904 8358493.570693592, 495848.8655286252 8358432.673706588, 495840.07849380065 8358408.433610516, 495820.08041453775 8358384.496515635, 495746.4679561124 8358311.473226207, 495687.1825723012 8358308.843976244, 495718.3438313196 8358326.740195552, 495736.2294066009 8358355.599355086, 495746.0313442222 8358406.964861292, 495786.99422135635 8358479.6893700445, 495810.6487941127 8358522.400561774, 495836.6042937545 8358609.55090123, 495839.48512151267 8358637.25345026, 495841.20559851156 8358700.160626011, 495828.5050040398 8358722.089303295, 495840.0437408981 8358744.022177009, 495849.2736551213 8358768.263159707, 495853.8864768269 8358792.50345374, 495828.4931960361 8358790.190551181, 495741.9263163405 8358775.169939793, 495711.9147224882 8358779.781635843, 495691.1339212555 8358802.863165365, 495694.5930382155 8358823.640513381, 495726.9055557245 8358861.736960726, 495747.67596927716 8358897.522813198, 495740.74588462897 8358922.91545099, 495717.6588827288 8358932.145404773, 495703.7994400727 8358978.313744527, 495729.1840011516 8359031.4146102555, 495762.64850198425 8359084.517092035, 495791.50213688845 8359102.990588117, 495842.28766946535 8359118.004969107, 495902.30583052844 8359142.255087631, 495933.4658918255 8359174.580100579, 495958.8500905064 8359233.452658275, 495972.69624712795 8359264.620669182, 495950.76000660623 8359293.474054711, 495919.5912644287 8359311.937330288, 495898.8100080109 8359336.173728601, 495901.1137901654 8359363.877040524, 495933.43097969407 8359381.196805417, 496000.3796526683 8359381.20802396, 496055.7805622209 8359411.228707221, 496076.55250497564 8359443.5522645395, 496085.7786099908 8359494.342575669, 496030.37099911575 8359503.567880604, 495972.65742467745 8359496.632536668, 495875.69043126836 8359533.553522624, 495850.2927843406 8359552.017915278, 495808.74042213516 8359538.159202921, 495767.19268088945 8359498.905904245, 495704.8616420235 8359494.277617405, 495658.6811923732 8359542.7497405885, 495603.2623402684 8359611.997578536, 495487.82369368087 8359658.148220268, 495416.247738043 8359706.615432635, 495298.4893672854 8359805.863031641, 495233.83068620996 8359893.5779530285, 495210.730618614 8359962.832245577, 495206.2842714478 8360064.632243041, 495587.6408565109 8360421.9004812185, 495604.6570577654 8360439.286599894, 495612.0554061347 8360451.86379212, 495615.7545803203 8360468.879993377, 495614.6448280703 8360496.993717183, 495608.9038200438 8360529.746772631, 495607.61639711284 8360544.713064183, 495604.6570577649 8360579.115384101, 495605.2789449438 8360602.316221142, 495607.6163971124 8360608.33886016, 495614.6930738772 8360626.572503652, 495617.67475410993 8360631.781008374, 495622.0431764414 8360639.411923317, 495651.2666525024 8360690.46052708, 495700.99147497764 8360758.505020991, 495731.33008006716 8360746.647904693, 495743.63081256446 8360746.496946271, 495770.1281191808 8360754.014620978, 495790.75492478727 8360757.779831527, 495884.39407404105 8360776.605884261, 495892.5216599393 8360733.34187289, 496147.6958281799 8360784.789468806))",13
Nossa Senhora da Vitória,"POLYGON ((494961.0295315331 8357412.526240758, 494964.795917153 8358327.2305489, 494977.8980007032 8358336.985190145, 494989.43468280265 8358364.689323836, 494979.0392457125 8358399.314314746, 494965.0613446316 8358414.501442027, 494965.41525232163 8358530.864024522, 494965.6428331251 8358605.720883225, 495033.2498201543 8358587.467682655, 495073.64855660324 8358587.475989686, 495119.82297457487 8358565.554631538, 495153.3095429621 8358499.769311683, 495169.47586760815 8358465.145187222, 495209.8772638054 8358451.302404407, 495292.9807675997 8358461.707012024, 495336.83670727763 8358489.417388229, 495404.9305518991 8358524.057867009, 495444.7510085094 8358529.836724957, 495483.99722289905 8358520.032941612, 495533.0581343841 8358491.186012285, 495559.6098099019 8358469.260268692, 495597.128659062 8358436.948303883, 495625.41186950984 8358413.868657604, 495645.6204398256 8358361.931425028, 495655.436989216 8358331.3459428875, 495687.1825723012 8358308.843976244, 495746.4679561124 8358311.473226207, 495820.08041453775 8358384.496515635, 495840.07849380065 8358408.433610516, 495848.8655286252 8358432.673706588, 495864.47856949904 8358493.570693592, 495874.6206307081 8358527.51308248, 495886.7704584635 8358568.174854284, 495894.0908294795 8358599.3243671, 495907.34476041043 8358660.530609694, 495911.8665679052 8358688.951422604, 495913.10178322706 8358724.46386309, 495914.31378802774 8358759.309001198, 495919.1814069312 8358789.061917944, 495931.58485648537 8358826.272266603, 495937.6448805029 8358844.452338661, 495937.3418793045 8358870.813443143, 495930.6758528829 8358896.871546425, 495919.1618072457 8358927.171666519, 495913.70778563106 8358960.804799825, 495910.9807748217 8359002.3159643505, 495915.13314078003 8359019.036460083, 495923.403824058 8359032.313083246, 495934.917869694 8359050.7961565, 495949.1589261412 8359079.581270592, 495950.97693334415 8359128.364463942, 495954.30994655524 8359142.605520387, 495964.7536429581 8359168.492972296, 495976.4290342244 8359180.480670504, 496155.015946109 8359363.844632818, 496262.36677864613 8359471.97904808, 496459.16044752183 8359670.209167093, 496571.13146287156 8359796.834099367, 496583.17070292454 8359822.371881298, 496605.66854209546 8359870.09457045, 496623.9033227005 8359913.339575178, 496660.3500931849 8359990.942144917, 496798.86808401084 8359889.88271258, 496947.37627091154 8359781.261015067, 497028.15268338216 8359724.0652944315, 497198.96873342624 8359634.280353369, 497311.0259722625 8359633.956488517, 497308.4489742759 8359483.300266519, 497303.8569033034 8359341.184600271, 497316.1538579073 8359260.654059134, 497313.0933880524 8359158.014961808, 497311.57148921106 8359031.690217462, 497314.6558327374 8358921.15647991, 497319.2688176567 8358875.364341489, 497313.1298870654 8358831.149975428, 497319.27867016714 8358786.937089087, 497330.0610418114 8358510.603122988, 497339.4658119425 8358344.013484049, 497346.6680116776 8358031.360622743, 497353.849757036 8357902.931281755, 497357.48376475764 8357445.530854798, 497365.18999930535 8357200.777408304, 497361.09747127973 8357172.8803297, 497351.9896110445 8357128.139225681, 497353.5298403621 8357088.662911277, 497369.6621852759 8357034.976644392, 497377.34912804666 8356964.709317083, 497375.0506997373 8356914.968683062, 497369.6763577536 8356905.493689092, 497364.301739231 8356897.597779987, 497373.51839043846 8356883.387234754, 497377.3592096909 8356872.334272121, 497388.12747223506 8356712.113432383, 497398.39023363125 8356491.046081312, 497408.6563243476 8356238.397391277, 497416.86562660144 8356067.859745889, 497447.61919689534 8355712.047755533, 497468.11008438363 8355579.408769232, 497474.27304427273 8355389.921965996, 497480.4228714381 8355324.654744775, 497507.0459005003 8355290.970863892, 497505.0045600794 8355229.913570734, 497478.38601902727 8355221.489096007, 497474.29785457865 8355154.115338997, 497474.3115903558 8355023.5794673385, 497486.47093946236 8354940.623570466, 497518.2211249917 8354850.135594824, 497559.49632405856 8354769.172624908, 497567.06005443964 8354711.267607319, 497525.40220865177 8354753.060702184, 497491.537377168 8354798.561864237, 497453.7249428287 8354857.008165976, 497407.26061677607 8354937.876044241, 497395.9991983591 8354936.459540473, 497338.40671721887 8354964.086775239, 497303.85277472966 8354966.714732738, 497292.3360429478 8354956.186289628, 497283.3797861993 8354937.762909024, 497283.382914102 8354910.129356107, 497292.34435655456 8354882.496704351, 497367.85936520563 8354799.604329949, 497376.8198925582 8354779.077488688, 497377.8456693951 8354761.181592771, 497375.2873267962 8354750.127801906, 497350.7478983701 8354736.616966423, 497336.8986105589 8354741.202832043, 497310.92999811156 8354760.122899731, 497278.03776607214 8354772.734537232, 497251.4934870294 8354778.465759809, 497225.6715413131 8354776.455774017, 497209.51480335684 8354774.446886254, 497190.32906616526 8354768.9971948955, 497182.86590716767 8354764.973553257, 497181.8183804102 8354764.408798439, 497161.96585085156 8354788.066799346, 497149.1266626541 8354834.266648035, 497135.84975999995 8354877.542627818, 497117.38225408737 8354896.582609366, 497105.8406592758 8354904.082693416, 497075.5985690307 8354903.579873038, 497066.90201503143 8354901.352470389, 494961.0295315331 8357412.526240758))",374
Conquista,"POLYGON ((494076.2878195513 8364314.612752054, 494239.73041326087 8364467.156061091, 494276.98317417037 8364497.582192394, 494305.50249138754 8364517.043638082, 494328.5548824882 8364527.89663823, 494839.45203825925 8364705.591989275, 494914.27901570965 8364731.237580189, 494947.3024791805 8364742.155691659, 494979.80247918237 8364756.655691657, 495321.6779413102 8364875.17248761, 495361.4024547711 8364880.855703866, 495398.9209172167 8364879.593722884, 495478.4734653132 8364864.85763078, 495554.4024547683 8364854.555716067, 495625.8192429198 8364851.93752614, 495704.7624735283 8364853.946924997, 495745.02750348765 8364858.502677133, 495744.3886433905 8364597.0007657325, 495744.3809515536 8364593.852298347, 495744.3746205056 8364500.255026748, 495861.0804878194 8364404.787009776, 495883.0350065334 8364384.394502847, 495893.7454788387 8364367.012525715, 495903.32705219835 8364351.312083549, 495920.382828827 8364354.799071172, 495914.02944229636 8364335.132022546, 495886.3941870248 8364257.5719090905, 495924.6000967715 8364231.642690567, 495995.78719404805 8364183.407427774, 496070.1023548478 8364137.070711697, 496062.17931763455 8364120.820473847, 495882.3662923202 8364032.069720895, 495862.51639537513 8364016.995335689, 495835.4735628627 8363969.022589117, 495805.9417099701 8363943.5655466, 495744.3324681632 8363890.395607822, 495739.3519105045 8363877.327920347, 495725.9651615983 8363842.195521807, 495725.9503419958 8363842.093426199, 495722.966272546 8363821.535495218, 495718.4187523527 8363790.796693774, 495716.5523962006 8363778.181125581, 495664.04019733146 8363660.1219715215, 495651.5078941928 8363656.224333525, 495639.8393654339 8363652.595335687, 495569.51417458244 8363643.757703602, 495563.4514983278 8363627.96856736, 495669.40345293004 8363587.316482043, 495676.03779872507 8363584.581250459, 495670.3898942955 8363582.838548182, 495665.2708043717 8363572.310662846, 495654.0074261017 8363558.097154881, 495637.6244206652 8363536.513795584, 495620.2153527569 8363525.983675435, 495577.8128987979 8363534.160670782, 495527.1161515694 8363534.151327378, 495512.9967593085 8363513.763477583, 495507.87418605667 8363522.973648394, 495492.5102678435 8363529.550110262, 495475.86576650664 8363538.758119337, 495452.3067437252 8363554.017892704, 495424.6519144131 8363564.5397427995, 495421.06733808946 8363564.539062924, 495403.14213579893 8363575.588981294, 495386.75390891265 8363582.428415606, 495354.4897345081 8363595.580990041, 495326.833846394 8363611.10297605, 495303.5305569153 8363627.415372075, 495283.81193167344 8363643.728335664, 495274.59208595473 8363654.779968438, 495263.06845609285 8363662.672989332, 495252.56979923695 8363667.144815157, 495233.109023002 8363673.194056608, 495216.72047603596 8363681.612453309, 495199.3074551178 8363691.346478211, 495183.68729618285 8363698.185927186, 495163.7130605383 8363711.34069562, 495143.865821016 8363729.100979081, 495125.93954539765 8363744.229947951, 495109.29611457326 8363746.200401018, 495077.29025019426 8363746.193894231, 495061.2892566016 8363736.979502584, 495037.60821773857 8363721.184196261, 495015.20808729157 8363702.099357291, 495001.12776892446 8363691.569368153, 494978.72701032646 8363675.774268377, 494950.5649641659 8363661.2936753845, 494917.9230470583 8363642.864576695, 494892.32059634104 8363632.990071157, 494865.4357655253 8363632.984366221, 494839.1911931187 8363632.978768261, 494821.268077774 8363632.317062548, 494793.7450493667 8363623.757883226, 494751.50330482237 8363597.431204601, 494727.82217377424 8363583.609301103, 494695.8196678702 8363569.78565719, 494684.29951145034 8363561.22986427, 494671.7558350805 8363577.433306172, 494661.5128178168 8363582.694636913, 494658.4370745709 8363597.4316889, 494672.6282695355 8363609.772363561, 494651.11572179757 8363631.084774927, 494624.2287135981 8363641.342643699, 494618.0809875829 8363653.1841945965, 494604.34747053497 8363665.758563232, 494584.8816196397 8363694.1771691665, 494567.4631796153 8363726.8069844125, 494545.9474016847 8363761.541298385, 494518.2855886817 8363800.484961696, 494485.5026505813 8363839.427422954, 494450.66780077294 8363893.107207414, 494426.07504934724 8363945.736588494, 494395.9593366645 8364012.630225658, 494381.4075283259 8364028.15516088, 494375.2510615885 8364076.577895474, 494379.3355681319 8364129.213997813, 494360.88321916945 8364200.793332977, 494332.19899282977 8364228.1568524325, 494297.3709517326 8364249.202687311, 494226.6968509387 8364265.020244114, 494180.6096863942 8364255.7980593275, 494103.8008582974 8364228.146062239, 494070.5150942607 8364224.190271276, 494072.329984338 8364244.072002585, 494076.2878195513 8364314.612752054))",7
